CREATE DATABASE  IF NOT EXISTS `DBBARBOSASHOP` /*!40100 DEFAULT CHARACTER SET latin1 */;
USE `DBBARBOSASHOP`;
-- MySQL dump 10.13  Distrib 5.7.31, for Linux (x86_64)
--
-- Host: localhost    Database: DBBARBOSASHOP
-- ------------------------------------------------------
-- Server version	5.7.31

/*!40101 SET @OLD_CHARACTER_SET_CLIENT=@@CHARACTER_SET_CLIENT */;
/*!40101 SET @OLD_CHARACTER_SET_RESULTS=@@CHARACTER_SET_RESULTS */;
/*!40101 SET @OLD_COLLATION_CONNECTION=@@COLLATION_CONNECTION */;
/*!40101 SET NAMES utf8 */;
/*!40103 SET @OLD_TIME_ZONE=@@TIME_ZONE */;
/*!40103 SET TIME_ZONE='+00:00' */;
/*!40014 SET @OLD_UNIQUE_CHECKS=@@UNIQUE_CHECKS, UNIQUE_CHECKS=0 */;
/*!40014 SET @OLD_FOREIGN_KEY_CHECKS=@@FOREIGN_KEY_CHECKS, FOREIGN_KEY_CHECKS=0 */;
/*!40101 SET @OLD_SQL_MODE=@@SQL_MODE, SQL_MODE='NO_AUTO_VALUE_ON_ZERO' */;
/*!40111 SET @OLD_SQL_NOTES=@@SQL_NOTES, SQL_NOTES=0 */;

--
-- Table structure for table `TBL_CATEGORIAPRODUTO`
--

DROP TABLE IF EXISTS `TBL_CATEGORIAPRODUTO`;
/*!40101 SET @saved_cs_client     = @@character_set_client */;
/*!40101 SET character_set_client = utf8 */;
CREATE TABLE `TBL_CATEGORIAPRODUTO` (
  `CODCATEGORIA` int(11) NOT NULL AUTO_INCREMENT,
  `DESCRICAO` varchar(100) DEFAULT NULL,
  PRIMARY KEY (`CODCATEGORIA`)
) ENGINE=InnoDB AUTO_INCREMENT=4 DEFAULT CHARSET=latin1;
/*!40101 SET character_set_client = @saved_cs_client */;

--
-- Dumping data for table `TBL_CATEGORIAPRODUTO`
--

LOCK TABLES `TBL_CATEGORIAPRODUTO` WRITE;
/*!40000 ALTER TABLE `TBL_CATEGORIAPRODUTO` DISABLE KEYS */;
INSERT INTO `TBL_CATEGORIAPRODUTO` VALUES (1,'CESTA BASICA'),(2,'GDGD'),(3,'DVDV');
/*!40000 ALTER TABLE `TBL_CATEGORIAPRODUTO` ENABLE KEYS */;
UNLOCK TABLES;

--
-- Table structure for table `TBL_CATEGORIASERVICO`
--

DROP TABLE IF EXISTS `TBL_CATEGORIASERVICO`;
/*!40101 SET @saved_cs_client     = @@character_set_client */;
/*!40101 SET character_set_client = utf8 */;
CREATE TABLE `TBL_CATEGORIASERVICO` (
  `CODCATEGORIA` int(11) NOT NULL AUTO_INCREMENT,
  `DESCRICAO` varchar(100) DEFAULT NULL,
  PRIMARY KEY (`CODCATEGORIA`)
) ENGINE=InnoDB AUTO_INCREMENT=2 DEFAULT CHARSET=latin1;
/*!40101 SET character_set_client = @saved_cs_client */;

--
-- Dumping data for table `TBL_CATEGORIASERVICO`
--

LOCK TABLES `TBL_CATEGORIASERVICO` WRITE;
/*!40000 ALTER TABLE `TBL_CATEGORIASERVICO` DISABLE KEYS */;
INSERT INTO `TBL_CATEGORIASERVICO` VALUES (1,'ss');
/*!40000 ALTER TABLE `TBL_CATEGORIASERVICO` ENABLE KEYS */;
UNLOCK TABLES;

--
-- Table structure for table `TBL_CLIENTE`
--

DROP TABLE IF EXISTS `TBL_CLIENTE`;
/*!40101 SET @saved_cs_client     = @@character_set_client */;
/*!40101 SET character_set_client = utf8 */;
CREATE TABLE `TBL_CLIENTE` (
  `CODCLIENTE` int(11) NOT NULL AUTO_INCREMENT,
  `TIPOCLIENTE` int(11) DEFAULT NULL,
  `DATANASCIMENTO` date DEFAULT NULL,
  `NOME_RAZAOSOCIAL` varchar(100) DEFAULT NULL,
  `APELIDO_NOMEFANTASIA` varchar(100) DEFAULT NULL,
  `CPF_CNPJ` varchar(20) DEFAULT NULL,
  `RG_INSCRICAOESTADUAL` varchar(20) DEFAULT NULL,
  `CEP` varchar(10) DEFAULT NULL,
  `CIDADE` varchar(50) DEFAULT NULL,
  `UF` varchar(2) DEFAULT NULL,
  `LOGRADOURO` varchar(100) DEFAULT NULL,
  `NUMERO` varchar(20) DEFAULT NULL,
  `BAIRRO` varchar(30) DEFAULT NULL,
  `COMPLEMENTO` varchar(100) DEFAULT NULL,
  `CELULAR` varchar(15) DEFAULT NULL,
  `TELEFONE` varchar(14) DEFAULT NULL,
  `EMAIL` varchar(100) DEFAULT NULL,
  `DATACADASTRAMENTO` date DEFAULT NULL,
  PRIMARY KEY (`CODCLIENTE`),
  UNIQUE KEY `CPF_CNPJ_INDEX` (`CPF_CNPJ`),
  KEY `TIPOCLIENTE` (`TIPOCLIENTE`),
  CONSTRAINT `TBL_CLIENTE_ibfk_1` FOREIGN KEY (`TIPOCLIENTE`) REFERENCES `TBL_PESSOATIPO` (`CODPESSOATIPO`)
) ENGINE=InnoDB AUTO_INCREMENT=3 DEFAULT CHARSET=latin1;
/*!40101 SET character_set_client = @saved_cs_client */;

--
-- Dumping data for table `TBL_CLIENTE`
--

LOCK TABLES `TBL_CLIENTE` WRITE;
/*!40000 ALTER TABLE `TBL_CLIENTE` DISABLE KEYS */;
INSERT INTO `TBL_CLIENTE` VALUES (1,1,'1990-04-21','TIRADENTES','JOSE SILVERIO DE PESSOA','888.888.888-88','8','88.888-888','888888','AM','88','8','8','8','(88)8 8888-8888','(88) 8888-8888','88888888888888888888','2020-09-13'),(2,2,'0001-01-01','LUIZ CARLOS DA SIVLA','JOSE MANI','88.888.888/8888-88','888','88.888-888','88888888','PE','5555555555','35','5','5','(55)5 5555-5555','(55) 5555-5555','5555555555','2020-09-13');
/*!40000 ALTER TABLE `TBL_CLIENTE` ENABLE KEYS */;
UNLOCK TABLES;

--
-- Table structure for table `TBL_FORNECEDOR`
--

DROP TABLE IF EXISTS `TBL_FORNECEDOR`;
/*!40101 SET @saved_cs_client     = @@character_set_client */;
/*!40101 SET character_set_client = utf8 */;
CREATE TABLE `TBL_FORNECEDOR` (
  `CODFORNECEDOR` int(11) NOT NULL AUTO_INCREMENT,
  `TIPOFORNECEDOR` int(11) DEFAULT NULL,
  `NOMEREPRESENTANTE` varchar(50) DEFAULT NULL,
  `NOME_RAZAOSOCIAL` varchar(100) DEFAULT NULL,
  `APELIDO_NOMEFANTASIA` varchar(100) DEFAULT NULL,
  `CPF_CNPJ` varchar(20) DEFAULT NULL,
  `RG_INSCRICAOESTADUAL` varchar(20) DEFAULT NULL,
  `CEP` varchar(10) DEFAULT NULL,
  `CIDADE` varchar(50) DEFAULT NULL,
  `UF` varchar(2) DEFAULT NULL,
  `LOGRADOURO` varchar(100) DEFAULT NULL,
  `NUMERO` varchar(20) DEFAULT NULL,
  `BAIRRO` varchar(30) DEFAULT NULL,
  `COMPLEMENTO` varchar(100) DEFAULT NULL,
  `CELULAR` varchar(15) DEFAULT NULL,
  `TELEFONE` varchar(14) DEFAULT NULL,
  `EMAIL` varchar(100) DEFAULT NULL,
  PRIMARY KEY (`CODFORNECEDOR`),
  UNIQUE KEY `CPF_CNPJ` (`CPF_CNPJ`),
  KEY `TIPOFORNECEDOR` (`TIPOFORNECEDOR`),
  CONSTRAINT `TBL_FORNECEDOR_ibfk_1` FOREIGN KEY (`TIPOFORNECEDOR`) REFERENCES `TBL_PESSOATIPO` (`CODPESSOATIPO`)
) ENGINE=InnoDB AUTO_INCREMENT=5 DEFAULT CHARSET=latin1;
/*!40101 SET character_set_client = @saved_cs_client */;

--
-- Dumping data for table `TBL_FORNECEDOR`
--

LOCK TABLES `TBL_FORNECEDOR` WRITE;
/*!40000 ALTER TABLE `TBL_FORNECEDOR` DISABLE KEYS */;
INSERT INTO `TBL_FORNECEDOR` VALUES (2,2,'','JAIR MESSIAS BOLSONARO','BOLSONARO','88.888.888/8888-88','8','99.999-999','999999999999999','PE','OOOOOOOOOOOO','O','O','O','(99)9 9999-9999','(88) 8888-8888','888'),(3,1,'','LUIZ INACIO LULA DA SILVA','LULA','888.888.888-88','8','88.888-888','88888888888888888','PE','OOOOOOOOOOOO','O','O','O','(88)8 8888-8888','(88) 8888-8888','88'),(4,2,'denis','uuuuuuuuuuuuuuuuuuu','uuuuuuuuuuuuuuuuuuuuuuuuuuuuu','99.999.999/9999-99','88888888888','88.888-888','888888888888888','SP','999999999999','9','9','9999999999999','(99)9 9999-9999','(99) 9999-9999','9');
/*!40000 ALTER TABLE `TBL_FORNECEDOR` ENABLE KEYS */;
UNLOCK TABLES;

--
-- Table structure for table `TBL_FUNCIONARIO`
--

DROP TABLE IF EXISTS `TBL_FUNCIONARIO`;
/*!40101 SET @saved_cs_client     = @@character_set_client */;
/*!40101 SET character_set_client = utf8 */;
CREATE TABLE `TBL_FUNCIONARIO` (
  `CODFUNCIONARIO` int(11) NOT NULL AUTO_INCREMENT,
  `NOME` varchar(100) DEFAULT NULL,
  `DATANASCIMENTO` date DEFAULT NULL,
  `SEXO` varchar(30) DEFAULT NULL,
  `CPF` varchar(14) DEFAULT NULL,
  `RG` varchar(30) DEFAULT NULL,
  `RGORGEXPEDIDOR` varchar(30) DEFAULT NULL,
  `NOMEMAE` varchar(100) DEFAULT NULL,
  `NOMEPAI` varchar(100) DEFAULT NULL,
  `ESCOLARIDADE` varchar(50) DEFAULT NULL,
  `ESTADOCIVIL` varchar(50) DEFAULT NULL,
  `SALARIO` double(18,2) DEFAULT NULL,
  `FUNCAO` varchar(50) DEFAULT NULL,
  `DEPARTAMENTO` varchar(50) DEFAULT NULL,
  `CEP` varchar(10) DEFAULT NULL,
  `CIDADE` varchar(50) DEFAULT NULL,
  `UF` varchar(2) DEFAULT NULL,
  `LOGRADOURO` varchar(100) DEFAULT NULL,
  `NUMERO` varchar(20) DEFAULT NULL,
  `BAIRRO` varchar(30) DEFAULT NULL,
  `COMPLEMENTO` varchar(100) DEFAULT NULL,
  `CELULAR` varchar(15) DEFAULT NULL,
  `EMAIL` varchar(100) DEFAULT NULL,
  PRIMARY KEY (`CODFUNCIONARIO`),
  UNIQUE KEY `CPF_FUNCIONARIO_INDEX` (`CPF`)
) ENGINE=InnoDB AUTO_INCREMENT=2 DEFAULT CHARSET=latin1;
/*!40101 SET character_set_client = @saved_cs_client */;

--
-- Dumping data for table `TBL_FUNCIONARIO`
--

LOCK TABLES `TBL_FUNCIONARIO` WRITE;
/*!40000 ALTER TABLE `TBL_FUNCIONARIO` DISABLE KEYS */;
INSERT INTO `TBL_FUNCIONARIO` VALUES (1,'LUIZ INACIO LULA DA SILVA','1990-04-24','MASCULINO','084.888.888-88','8888888','SDS/PE','HELENA MARTA DE MOURA','JOSE FRANCISCO BARBOSA','SUPERIOR INCOMPLETO','SOLTEIRO',4500.00,'ADMINISTRADOR DE REDES','TECNOLOGIA DA INFORMAÇÃO','55.840-000','LAGOA DE ITAENGA','PE','RUA JOSEFA MARIA','16','CENTRO','CASA PROXIMA AO PREDIO DO EXTRA','(81)9 9391-0797','HELIONELYS@GMAIL.COM');
/*!40000 ALTER TABLE `TBL_FUNCIONARIO` ENABLE KEYS */;
UNLOCK TABLES;

--
-- Table structure for table `TBL_PESSOATIPO`
--

DROP TABLE IF EXISTS `TBL_PESSOATIPO`;
/*!40101 SET @saved_cs_client     = @@character_set_client */;
/*!40101 SET character_set_client = utf8 */;
CREATE TABLE `TBL_PESSOATIPO` (
  `CODPESSOATIPO` int(11) NOT NULL AUTO_INCREMENT,
  `DESCRICAO` varchar(50) DEFAULT NULL,
  PRIMARY KEY (`CODPESSOATIPO`)
) ENGINE=InnoDB AUTO_INCREMENT=3 DEFAULT CHARSET=latin1;
/*!40101 SET character_set_client = @saved_cs_client */;

--
-- Dumping data for table `TBL_PESSOATIPO`
--

LOCK TABLES `TBL_PESSOATIPO` WRITE;
/*!40000 ALTER TABLE `TBL_PESSOATIPO` DISABLE KEYS */;
INSERT INTO `TBL_PESSOATIPO` VALUES (1,'FISICA'),(2,'JURIDICA');
/*!40000 ALTER TABLE `TBL_PESSOATIPO` ENABLE KEYS */;
UNLOCK TABLES;

--
-- Table structure for table `TBL_PRODUTO`
--

DROP TABLE IF EXISTS `TBL_PRODUTO`;
/*!40101 SET @saved_cs_client     = @@character_set_client */;
/*!40101 SET character_set_client = utf8 */;
CREATE TABLE `TBL_PRODUTO` (
  `CODPRODUTO` int(11) NOT NULL AUTO_INCREMENT,
  `CODSTATUSPRODUTO` int(11) DEFAULT NULL,
  `DATACADASTRAMENTO` date DEFAULT NULL,
  `DESCRICAO` varchar(100) DEFAULT NULL,
  `CODCATEGORIA` int(11) DEFAULT NULL,
  `FABRICANTE` varchar(100) DEFAULT NULL,
  `CODUNIDADEMEDIDA` int(11) DEFAULT NULL,
  `OBSERVACAO` varchar(200) DEFAULT NULL,
  `VALOR` double(18,2) DEFAULT NULL,
  `CODFORNECEDOR` int(11) DEFAULT NULL,
  PRIMARY KEY (`CODPRODUTO`),
  KEY `CODCATEGORIA` (`CODCATEGORIA`),
  KEY `CODUNIDADEMEDIDA` (`CODUNIDADEMEDIDA`),
  KEY `CODSTATUSPRODUTO` (`CODSTATUSPRODUTO`,`CODFORNECEDOR`),
  KEY `TBL_PRODUTO_ibfk_4_idx` (`CODFORNECEDOR`),
  CONSTRAINT `TBL_PRODUTO_ibfk_2` FOREIGN KEY (`CODCATEGORIA`) REFERENCES `TBL_CATEGORIAPRODUTO` (`CODCATEGORIA`),
  CONSTRAINT `TBL_PRODUTO_ibfk_3` FOREIGN KEY (`CODUNIDADEMEDIDA`) REFERENCES `TBL_UNIDADEMEDIDA` (`CODUNIDADE`),
  CONSTRAINT `TBL_PRODUTO_ibfk_4` FOREIGN KEY (`CODFORNECEDOR`) REFERENCES `TBL_FORNECEDOR` (`CODFORNECEDOR`) ON DELETE CASCADE ON UPDATE CASCADE
) ENGINE=InnoDB AUTO_INCREMENT=4 DEFAULT CHARSET=latin1;
/*!40101 SET character_set_client = @saved_cs_client */;

--
-- Dumping data for table `TBL_PRODUTO`
--

LOCK TABLES `TBL_PRODUTO` WRITE;
/*!40000 ALTER TABLE `TBL_PRODUTO` DISABLE KEYS */;
INSERT INTO `TBL_PRODUTO` VALUES (1,NULL,'2020-09-12','feijao',1,'turquesa',1,'si',5.20,2),(2,NULL,'2020-09-13','ARRROZ',1,'',1,'SS',3.00,3),(3,NULL,'2020-09-13','WYWH',2,'RR',1,'TT',6.00,3);
/*!40000 ALTER TABLE `TBL_PRODUTO` ENABLE KEYS */;
UNLOCK TABLES;

--
-- Table structure for table `TBL_SERVICO`
--

DROP TABLE IF EXISTS `TBL_SERVICO`;
/*!40101 SET @saved_cs_client     = @@character_set_client */;
/*!40101 SET character_set_client = utf8 */;
CREATE TABLE `TBL_SERVICO` (
  `CODSERVICO` int(11) NOT NULL AUTO_INCREMENT,
  `CODSTATUSSERVICO` int(11) DEFAULT NULL,
  `DATACADASTRAMENTO` date DEFAULT NULL,
  `DESCRICAO` varchar(100) DEFAULT NULL,
  `CODCATEGORIA` int(11) DEFAULT NULL,
  `OBSERVACAO` varchar(200) DEFAULT NULL,
  PRIMARY KEY (`CODSERVICO`),
  KEY `CODCATEGORIA` (`CODCATEGORIA`),
  CONSTRAINT `TBL_SERVICO_ibfk_1` FOREIGN KEY (`CODCATEGORIA`) REFERENCES `TBL_CATEGORIASERVICO` (`CODCATEGORIA`)
) ENGINE=InnoDB AUTO_INCREMENT=2 DEFAULT CHARSET=latin1;
/*!40101 SET character_set_client = @saved_cs_client */;

--
-- Dumping data for table `TBL_SERVICO`
--

LOCK TABLES `TBL_SERVICO` WRITE;
/*!40000 ALTER TABLE `TBL_SERVICO` DISABLE KEYS */;
INSERT INTO `TBL_SERVICO` VALUES (1,NULL,'2020-09-12','ssfs',1,'sss');
/*!40000 ALTER TABLE `TBL_SERVICO` ENABLE KEYS */;
UNLOCK TABLES;

--
-- Table structure for table `TBL_STATUS`
--

DROP TABLE IF EXISTS `TBL_STATUS`;
/*!40101 SET @saved_cs_client     = @@character_set_client */;
/*!40101 SET character_set_client = utf8 */;
CREATE TABLE `TBL_STATUS` (
  `CODSTATUS` int(11) NOT NULL AUTO_INCREMENT,
  `DESCRICAI` varchar(20) DEFAULT NULL,
  PRIMARY KEY (`CODSTATUS`)
) ENGINE=InnoDB DEFAULT CHARSET=latin1;
/*!40101 SET character_set_client = @saved_cs_client */;

--
-- Dumping data for table `TBL_STATUS`
--

LOCK TABLES `TBL_STATUS` WRITE;
/*!40000 ALTER TABLE `TBL_STATUS` DISABLE KEYS */;
/*!40000 ALTER TABLE `TBL_STATUS` ENABLE KEYS */;
UNLOCK TABLES;

--
-- Table structure for table `TBL_UNIDADEMEDIDA`
--

DROP TABLE IF EXISTS `TBL_UNIDADEMEDIDA`;
/*!40101 SET @saved_cs_client     = @@character_set_client */;
/*!40101 SET character_set_client = utf8 */;
CREATE TABLE `TBL_UNIDADEMEDIDA` (
  `CODUNIDADE` int(11) NOT NULL AUTO_INCREMENT,
  `DESCRICAO` varchar(20) DEFAULT NULL,
  PRIMARY KEY (`CODUNIDADE`)
) ENGINE=InnoDB AUTO_INCREMENT=3 DEFAULT CHARSET=latin1;
/*!40101 SET character_set_client = @saved_cs_client */;

--
-- Dumping data for table `TBL_UNIDADEMEDIDA`
--

LOCK TABLES `TBL_UNIDADEMEDIDA` WRITE;
/*!40000 ALTER TABLE `TBL_UNIDADEMEDIDA` DISABLE KEYS */;
INSERT INTO `TBL_UNIDADEMEDIDA` VALUES (1,'KG'),(2,'d');
/*!40000 ALTER TABLE `TBL_UNIDADEMEDIDA` ENABLE KEYS */;
UNLOCK TABLES;
/*!40103 SET TIME_ZONE=@OLD_TIME_ZONE */;

/*!40101 SET SQL_MODE=@OLD_SQL_MODE */;
/*!40014 SET FOREIGN_KEY_CHECKS=@OLD_FOREIGN_KEY_CHECKS */;
/*!40014 SET UNIQUE_CHECKS=@OLD_UNIQUE_CHECKS */;
/*!40101 SET CHARACTER_SET_CLIENT=@OLD_CHARACTER_SET_CLIENT */;
/*!40101 SET CHARACTER_SET_RESULTS=@OLD_CHARACTER_SET_RESULTS */;
/*!40101 SET COLLATION_CONNECTION=@OLD_COLLATION_CONNECTION */;
/*!40111 SET SQL_NOTES=@OLD_SQL_NOTES */;

-- Dump completed on 2020-09-13 11:31:49
